{"files": [{"path": "angular/00-daoyanhezhunbei.md", "rname": "00-\u5bfc\u8a00\u548c\u51c6\u5907.md", "mtime": 1451236602.0, "mode": "file", "name": "00-daoyanhezhunbei.md"}, {"path": "angular/001-AngularJSkuaisukaishi.md", "rname": "001-AngularJS\u5feb\u901f\u5f00\u59cb.md", "mtime": 1451236602.0, "mode": "file", "name": "001-AngularJSkuaisukaishi.md"}, {"path": "angular/01-yindaochengxu.md", "rname": "01-\u5f15\u5bfc\u7a0b\u5e8f.md", "mtime": 1451236602.0, "mode": "file", "name": "01-yindaochengxu.md"}, {"path": "angular/01-jingtaimoban.md", "rname": "01-\u9759\u6001\u6a21\u677f.md", "mtime": 1451236602.0, "mode": "file", "name": "01-jingtaimoban.md"}, {"path": "angular/02-AngularJSmoban.md", "rname": "02-AngularJS\u6a21\u677f.md", "mtime": 1451236602.0, "mode": "file", "name": "02-AngularJSmoban.md"}, {"path": "angular/03-diedaiqi.md", "rname": "03-\u8fed\u4ee3\u5668.md", "mtime": 1451236602.0, "mode": "file", "name": "03-diedaiqi.md"}, {"path": "angular/04-shuangxiangbangding.md", "rname": "04-\u53cc\u5411\u7ed1\u5b9a.md", "mtime": 1451236602.0, "mode": "file", "name": "04-shuangxiangbangding.md"}, {"path": "angular/05-XHRheyilaizhuru.md", "rname": "05-XHR\u548c\u4f9d\u8d56\u6ce8\u5165.md", "mtime": 1451236602.0, "mode": "file", "name": "05-XHRheyilaizhuru.md"}, {"path": "angular/06-lianjieyutupianmoban.md", "rname": "06-\u94fe\u63a5\u4e0e\u56fe\u7247\u6a21\u677f.md", "mtime": 1451236602.0, "mode": "file", "name": "06-lianjieyutupianmoban.md"}, {"path": "angular/07-luyouyuduoshitu.md", "rname": "07-\u8def\u7531\u4e0e\u591a\u89c6\u56fe.md", "mtime": 1451236602.0, "mode": "file", "name": "07-luyouyuduoshitu.md"}, {"path": "angular/08-gengduomoban.md", "rname": "08-\u66f4\u591a\u6a21\u677f.md", "mtime": 1451236602.0, "mode": "file", "name": "08-gengduomoban.md"}, {"path": "angular/09-guolvqi.md", "rname": "09-\u8fc7\u6ee4\u5668.md", "mtime": 1451236602.0, "mode": "file", "name": "09-guolvqi.md"}, {"path": "angular/10-shijianchuliqi.md", "rname": "10-\u4e8b\u4ef6\u5904\u7406\u5668.md", "mtime": 1451236602.0, "mode": "file", "name": "10-shijianchuliqi.md"}, {"path": "angular/11-RESThedingzhifuwu.md", "rname": "11-REST\u548c\u5b9a\u5236\u670d\u52a1.md", "mtime": 1451236602.0, "mode": "file", "name": "11-RESThedingzhifuwu.md"}, {"path": "angular/12-wanjiepian.md", "rname": "12-\u5b8c\u7ed3\u7bc7.md", "mtime": 1451236602.0, "mode": "file", "name": "12-wanjiepian.md"}, {"path": "angular/README.md", "rname": "README.md", "mtime": 1451236602.0, "mode": "file", "name": "README.md"}], "rname": "angular", "name": "angular", "mode": "tree", "mtime": 1451755859.0, "path": "angular"}